[{
        "id": 1,
        "Bus Name": "Gitanjali Transport",
        "Departure Time": "10:00 AM",
        "Source": "Pune",
        "Destination": "Mumbai",
        "Fare": 470,
        "Coach Type": "A1-AC",
        "Seats Available": 12,
        "bookings": {}
    },
    {
        "id": 2,
        "Bus Name": "Gitanjali Transport",
        "Departure Time": "10:00 AM",
        "Source": "Pune",
        "Destination": "Goa",
        "Fare": 800,
        "Coach Type": "AC",
        "Seats Available": 21,
        "bookings": {}
    },
    {
        "id": 3,
        "Bus Name": "Gitanjali Transport",
        "Departure Time": "10:00 AM",
        "Source": "Pune",
        "Destination": "Delhi",
        "Fare": 899,
        "Coach Type": "AC",
        "Seats Available": 23,
        "bookings": {}
    },
    {
        "id": 4,
        "Bus Name": "Gitanjali Transport",
        "Departure Time": "10:00 AM",
        "Source": "Pune",
        "Destination": "Nagpur",
        "Fare": 699,
        "Coach Type": "AC",
        "Seats Available": 25,
        "bookings": {}
    },
    {
        "id": 5,
        "Bus Name": "AB Transport",
        "Departure Time": "10:00 AM",
        "Source": "Pune",
        "Destination": "Bangolore",
        "Fare": 599,
        "Coach Type": "Non AC",
        "Seats Available": 14,
        "bookings": {}
    },
    {
        "id": 6,
        "Bus Name": "AB Transport",
        "Departure Time": "10:00 AM",
        "Source": "Mumbai",
        "Destination": "Pune",
        "Fare": 900,
        "Coach Type": "Non AC",
        "Seats Available": 27,
        "bookings": {}
    },
    {
        "id": 7,
        "Bus Name": "AB Transport",
        "Departure Time": "10:00 AM",
        "Source": "Mumbai",
        "Destination": "Goa",
        "Fare": 769,
        "Coach Type": "Non AC",
        "Seats Available": 11,
        "bookings": {}
    },
    {
        "id": 8,
        "Bus Name": "AB Transport",
        "Departure Time": "10:00 AM",
        "Source": "Mumbai",
        "Destination": "Delhi",
        "Fare": 599,
        "Coach Type": "Non AC",
        "Seats Available": 7,
        "bookings": {}
    },
    {
        "id": 9,
        "Bus Name": "AB Transport",
        "Departure Time": "10:00 AM",
        "Source": "Mumbai",
        "Destination": "Nagpur",
        "Fare": 899,
        "Coach Type": "Non AC",
        "Seats Available": 25,
        "bookings": {}
    },
    {
        "id": 10,
        "Bus Name": "Gitanjali Transport",
        "Departure Time": "10:00 AM",
        "Source": "Mumbai",
        "Destination": "Bangolore",
        "Fare": 499,
        "Coach Type": "Non AC",
        "Seats Available": 31,
        "bookings": {}
    },
    {
        "id": 11,
        "Bus Name": "Gitanjali Transport",
        "Departure Time": "10:00 AM",
        "Source": "Goa",
        "Destination": "Pune",
        "Fare": 699,
        "Coach Type": "Non AC",
        "Seats Available": 10,
        "bookings": {}
    },
    {
        "id": 12,
        "Bus Name": "AB Transport",
        "Departure Time": "10:00 AM",
        "Source": "Goa",
        "Destination": "Mumbai",
        "Fare": 399,
        "Coach Type": "AC",
        "Seats Available": 17,
        "bookings": {}
    },
    {
        "id": 13,
        "Bus Name": "AB Transport",
        "Departure Time": "10:00 AM",
        "Source": "Goa",
        "Destination": "Delhi",
        "Fare": 599,
        "Coach Type": "Non AC",
        "Seats Available": 19,
        "bookings": {}
    },
    {
        "id": 14,
        "Bus Name": "AB Transport",
        "Departure Time": "10:00 AM",
        "Source": "Goa",
        "Destination": "Bangolore",
        "Fare": 790,
        "Coach Type": "Non AC",
        "Seats Available": 23,
        "bookings": {}
    },
    {
        "id": 15,
        "Bus Name": "AB Transport",
        "Departure Time": "10:00 AM",
        "Source": "Goa",
        "Destination": "Nagpur",
        "Fare": 790,
        "Coach Type": "Non AC",
        "Seats Available": 16,
        "bookings": {}
    },
    {
        "id": 16,
        "Bus Name": "AB Transport",
        "Departure Time": "10:00 AM",
        "Source": "Delhi",
        "Destination": "Pune",
        "Fare": 788,
        "Coach Type": "Non AC",
        "Seats Available": 23,
        "bookings": {}
    },
    {
        "id": 17,
        "Bus Name": "AB Transport",
        "Departure Time": "10:00 AM",
        "Source": "Delhi",
        "Destination": "Mumbai",
        "Fare": 788,
        "Coach Type": "Non AC",
        "Seats Available": 32,
        "bookings": {}
    },
    {
        "id": 18,
        "Bus Name": "AB Transport",
        "Departure Time": "10:00 AM",
        "Source": "Delhi",
        "Destination": "Nagpur",
        "Fare": 888,
        "Coach Type": "Non AC",
        "Seats Available": 17,
        "bookings": {}
    },
    {
        "id": 19,
        "Bus Name": "AB Transport",
        "Departure Time": "10:00 AM",
        "Source": "Nagpur",
        "Destination": "Pune",
        "Fare": 699,
        "Coach Type": "Non AC",
        "Seats Available": 28,
        "bookings": {}
    },
    {
        "id": 20,
        "Bus Name": "AB Transport",
        "Departure Time": "10:00 AM",
        "Source": "Nagpur",
        "Destination": "Bangolore",
        "Fare": 1100,
        "Coach Type": "Non AC",
        "Seats Available": 22,
        "bookings": {}
    },
    {
        "id": 21,
        "Bus Name": "AB Transport",
        "Departure Time": "10:00 AM",
        "Source": "Nagpur",
        "Destination": "Mumbai",
        "Fare": 1100,
        "Coach Type": "Non AC",
        "Seats Available": 14,
        "bookings": {}
    },
    {
        "id": 22,
        "Bus Name": "VB Transport",
        "Departure Time": "10:00 AM",
        "Source": "Pune",
        "Destination": "Mumbai",
        "Fare": 470,
        "Coach Type": "AC",
        "Seats Available": 12,
        "bookings": {}
    }
]